,idx,beta,pval,cilb,ciub,i2,tau2
NCOA1,27872,-0.55007827632588,4.99565887258288e-24,-0.656720090829257,-0.443436461822503,93.0179695527095,0.0580573038082593
TRIP13,12340,2.09660940499984,6.59357064298455e-23,1.67958877718387,2.51363003281581,97.3359894210464,0.95015667491884
MCM7,9242,1.04140746692818,1.36964673455581e-19,0.815985874239012,1.26682905961734,97.7210709648469,0.261064947356098
ZNF282,20714,0.434323452483073,2.47496690981685e-19,0.339632737615738,0.529014167350407,93.4476477142829,0.0449808653585351
E2F1,28609,2.0352725178298,3.87215178905662e-19,1.58909662228033,2.48144841337928,98.0067804911249,1.07252255921978
HSF1,17937,0.463645847028515,7.91562338749272e-19,0.361094392554663,0.566197301502367,93.297208102921,0.0534521391295061
CBX8,15148,1.00347761345486,1.56362557465722e-18,0.779598312022985,1.22735691488674,96.2725258958025,0.269640165834293
ZNF205,4776,0.538186276351289,2.27343073523767e-18,0.417535898297908,0.65883665440467,89.8929487181812,0.0676650889930243
FOXM1,15179,2.62576537454203,3.71637308541796e-18,2.03334966585873,3.21818108322534,98.4477696235964,1.95278535595669
ZNF121,11440,0.713981340157298,7.19882071653227e-18,0.551483977605569,0.876478702709027,95.172807231814,0.142211807290747
MYBL2,11096,3.30438583264598,4.21504251220862e-17,2.53399631532745,4.07477534996452,98.0885172410758,3.30116113451398
ZNF331,22356,-0.884625520607372,5.92840940564993e-17,-1.09185733700418,-0.677393704210566,91.5678796316903,0.195572158719505
PTTG1,16809,2.19146064902301,1.18099854468245e-16,1.67303226961939,2.70988902842663,98.004865732203,1.43353212807902
MCM2,24316,1.59488554902201,7.04796526075054e-16,1.20751997533921,1.98225112270482,98.525999302308,0.828075133949761
CSDE1,16586,-0.39964677575478,7.91269558037149e-16,-0.496883339273251,-0.30241021223631,94.6581291281462,0.0464605125030341
KAT2B,13169,-1.13517509204085,1.37086658058247e-15,-1.41370383135387,-0.856646352727829,98.2280595136428,0.437368424818387
RAD51,17033,1.89496593246051,3.1825547291116e-15,1.42384903482944,2.36608283009159,98.4025178713356,1.22284965939822
TCF3,7412,0.842537235972753,8.44172048442559e-15,0.629756384090006,1.0553180878555,97.7082176416382,0.246710839186927
E2F7,16451,2.75397259113759,8.71502572153095e-15,2.05810072232327,3.4498444599519,98.2144805051074,2.69313884897667
U2AF2,15093,0.374674972891611,9.87713444216922e-15,0.279807932738149,0.469542013045073,95.5947105709493,0.0456203557650183
EZH2,13204,1.89849405467729,1.45622097041729e-14,1.41470468364478,2.38228342570981,98.6652619270193,1.31386252169201
E4F1,23256,0.440672471352554,2.8938164942299e-14,0.327072035895104,0.554272906810004,92.6606985533102,0.0636946864779799
MXD3,9742,1.2565642391636,3.01377455566582e-14,0.932411939489579,1.58071653883762,95.8156677222809,0.543828001488893
DNMT1,18952,0.834532068191043,3.32610424132608e-14,0.618887616063654,1.05017652031843,97.2691173088792,0.255069260233052
NCOA4,25877,-0.523030052452266,3.55649183463238e-14,-0.658336865494601,-0.38772323940993,95.380883906422,0.0971258215971303
HLF,23959,-2.42511929603008,4.93696308486637e-14,-3.05604770286453,-1.79419088919563,98.9979829522988,2.26303886276882
MTA2,7773,0.380216280235929,7.58365536559244e-14,0.280553930834765,0.479878629637093,93.4791014168194,0.0460093256947753
FOS,19761,-1.83474934105362,8.71020101232819e-14,-2.31684943493642,-1.35264924717082,94.5362332705794,1.19616597586911
SSRP1,23149,0.408779012082975,3.86478005130344e-13,0.298425222707254,0.519132801458696,96.6212060678702,0.0639766316928907
KLF9,20991,-1.4443505109309,4.44670820913214e-13,-1.83528953896244,-1.05341148289935,98.0648924114217,0.868075438678274
FUS,9754,0.418062730485673,8.85068671444416e-13,0.303419595195048,0.532705865776298,93.6775390409313,0.0652256842144975
ZNF7,13770,0.433497075146572,1.12149339024537e-12,0.31407705747962,0.552917092813524,96.2774159551134,0.0751014364188567
DNMT3B,25014,1.28262654440539,1.35872632963519e-12,0.927966168317891,1.63728692049288,98.0371547155685,0.713625743222286
ZNF692,18138,0.913564213858481,1.3623991447908e-12,0.660940321662448,1.16618810605451,95.8531679479628,0.340991367059113
KLF11,24623,-0.687056806535816,1.45862772257532e-12,-0.877299351391285,-0.496814261680348,95.5737800163738,0.185530389815901
ZNF3,12474,0.391673381529569,1.71340097210936e-12,0.282877516036321,0.500469247022816,95.2146557257752,0.0577769495594072
IRF3,12311,0.477234169815426,1.83750027058524e-12,0.344488898543867,0.609979441086984,92.7778989576548,0.0852094036194313
EGR1,20430,-1.65202735060322,2.00169253263924e-12,-2.11232671079565,-1.19172799041078,95.5064441489095,1.13218787170384
CBX3,25774,0.704714575767548,2.05778809425865e-12,0.508254428117197,0.901174723417899,98.5769045985149,0.217179289534938
MCM5,28046,0.89416372823424,3.46976679698309e-12,0.642264130763511,1.14606332570497,97.7143556474965,0.336533865535956
AFF1,27217,-0.527549584983385,3.77432936582074e-12,-0.676422307468076,-0.378676862498695,93.8522725684511,0.114318567244311
XRCC3,24226,0.812378729610878,5.68684316274437e-12,0.581194198907632,1.04356326031412,96.3370805723363,0.281633826966591
SUPT5H,15326,0.251177013053796,8.35251130021435e-12,0.179123223501958,0.323230802605635,93.1216161238343,0.0261908284396337
ZNF26,21569,0.455104092256219,8.92295254234355e-12,0.324369437915339,0.5858387465971,95.38229168788,0.0915851578335049
TFAP4,9268,0.815969105192515,9.11340936759451e-12,0.581466954089991,1.05047125629504,96.1964405328775,0.287495158620143
MAZ,17071,0.523267896863714,1.14695210646055e-11,0.372151727457651,0.674384066269777,95.7416788496002,0.11764598349368
TRIM28,22646,0.490854390352445,1.26580940259846e-11,0.348800826637683,0.632907954067207,96.7237463074739,0.103845034658812
KLF10,29189,-0.757698712161824,1.54867479762783e-11,-0.977927698529557,-0.537469725794091,92.9337009380064,0.234249201743369
ILF3,1507,0.463893813863231,2.65204466510662e-11,0.327471317361008,0.600316310365453,98.1359757280477,0.101474163784304
THRB,22509,-1.63748164270963,4.44992899266288e-11,-2.12462120978395,-1.1503420756353,99.0632071933055,1.34923085711828
ZFP36,24852,-1.33436771076054,5.18625101208700e-11,-1.73271013458241,-0.936025286938669,94.4791740668228,0.80679768851729
NR4A1,24475,-1.7576862581311,5.38704752271373e-11,-2.28285286783676,-1.23251964842545,95.0522646685059,1.46302077519152
ATF3,27228,-1.34159264234805,5.95469932603827e-11,-1.74335357745303,-0.939831707243069,92.5660441374307,0.832562059224573
BRCA1,14618,1.04460873691372,7.4982066498184e-11,0.730124971132387,1.35909250269505,97.9721318470315,0.537054579472757
KHSRP,16815,0.318410626578224,8.47837826247328e-11,0.222278934112149,0.414542319044299,95.0078595176222,0.0476681692105446
CBFB,20911,0.609530369919383,9.80200111447666e-11,0.42488393427468,0.794176805564087,97.9563706661518,0.186840196937789
MTA1,24636,0.376879861501399,1.00108946936917e-10,0.262654510517119,0.49110521248568,93.6590132889608,0.0657842827213833
EED,10904,0.353892830750599,1.69458719067666e-10,0.245290141936818,0.462495519564381,95.9667274473819,0.0624105631758562
KLF4,1418,-1.41641131621848,2.04291702588108e-10,-1.85303925625502,-0.979783376181931,97.1585130450047,1.0399001741673
ZNF207,15999,0.342638424188558,2.27288121775381e-10,0.236742186019249,0.448534662357868,97.0749440248091,0.0601749144253785
E2F8,12556,2.51229249615463,2.3118006947573e-10,1.73552000939525,3.28906498291401,98.0686857399079,3.29724589252604
GATAD2A,14202,0.387342933175586,4.952836023215e-10,0.265300169492742,0.50938569685843,95.5170153231305,0.0779481906533599
FOXP2,28261,-2.33693019759246,5.35034543097626e-10,-3.07468042433542,-1.5991799708495,98.7153407521008,2.94293670927334
PTBP1,21657,0.518667931666637,1.11351456212951e-09,0.351804375327842,0.685531488005431,98.3047142365554,0.153487757737298
ZNF473,15437,0.465267383522338,1.33392207247553e-09,0.314868463327039,0.615666303717638,97.2276948586153,0.126921518814173
NCOR1,29763,-0.360048264454135,1.83993716714122e-09,-0.47743995906343,-0.24265656984484,93.817556076925,0.0691798843756117
BRD9,15651,0.389887926031267,2.05834368331962e-09,0.262380979116642,0.517394872945892,97.414785376265,0.0846166080768495
RFXANK,17455,0.515758549432571,2.37091835293285e-09,0.346437051734256,0.685080047130886,96.0791058680902,0.150343008286383
PRDM2,11407,-0.421380640249843,2.59524488933933e-09,-0.560061261087138,-0.282700019412548,96.2743833004379,0.102968324888269
E2F4,21018,0.358384414870089,2.63855670306898e-09,0.240382844381137,0.476385985359041,96.382440573063,0.0723678586525253
CBX2,25398,1.7267651759272,2.71005598891566e-09,1.157792607409,2.29573774444541,98.4481321215976,1.79628074962278
ZFP64,8930,0.546879377978634,3.84484181666914e-09,0.364921764896795,0.728836991060473,98.1929708560496,0.186275581805067
ZNF195,6602,0.426032671159078,5.10432723171512e-09,0.283143111161803,0.568922231156353,96.2463789379801,0.10702204245477
ZNF662,1359,-1.07764287466545,6.41858388834493e-09,-1.44146205851283,-0.713823690818077,97.5892436270498,0.7356566121216
KAT2A,9163,0.787562775749976,8.56788822178977e-09,0.519432708834217,1.05569284266573,97.7582964469484,0.401750721656343
ZNF574,23179,0.278614763524987,9.63382201688764e-09,0.183430891356618,0.373798635693356,90.9822593491768,0.043776126204958
ZBTB21,391,-0.536379572636769,1.61240723199275e-08,-0.722475564008329,-0.35028358126521,95.092398407199,0.183467327250655
DRAP1,18930,0.360999859903598,1.790117244535e-08,0.235351156405316,0.486648563401879,90.650627533634,0.0748887486568408
ZNF781,120,-1.32940881719203,1.97608505738811e-08,-1.79352626449585,-0.865291369888211,98.3379676855856,1.20130768881255
ZNF366,23745,-1.27273130277399,2.71849347699671e-08,-1.72149166356311,-0.823970941984869,96.9978131666592,1.07341713438619
POLR2H,2237,0.64637895316324,2.8423555846262e-08,0.418148559811419,0.874609346515062,98.3170667390594,0.295907247586616
ZNF579,29093,0.506188393226688,3.72529278904651e-08,0.325916114712277,0.686460671741098,93.6646970637845,0.164358650088738
RERE,14055,-0.456075714846711,4.17634043993535e-08,-0.619098657651196,-0.293052772042227,96.3485829718363,0.140258414440695
ZEB2,8267,-1.17618069902635,4.30664686766724e-08,-1.597020261986,-0.7553411360667,98.3733267754364,0.990172294807479
IKZF5,22566,-0.347085751457691,4.31185459453875e-08,-0.471278505289512,-0.222892997625871,95.4695569399581,0.0789331258769874
TAL1,30047,-1.34368663323347,4.70167758597191e-08,-1.82582914613182,-0.86154412033513,98.4588689731215,1.31356759780677
MCM3,27634,0.755683139730485,5.26160049348587e-08,0.483531797792067,1.0278344816689,98.8373367311133,0.41612662316661
TSHZ1,19109,-0.539449311837077,5.31369141479804e-08,-0.733788971750995,-0.345109651923159,96.7349093989359,0.205525574148752
NCOA6,15851,0.346533365138381,5.34408496501659e-08,0.221669443191184,0.471397287085578,95.7954733872138,0.0848557095300954
JUND,15914,-0.642903050759094,5.84194195788011e-08,-0.875234556371955,-0.410571545146234,92.8521902644178,0.272738936380984
GMEB2,6820,0.329594399396335,6.1363806014969e-08,0.210292590752944,0.448896208039727,95.5115475741482,0.0730225487801796
SMARCB1,6009,0.331780554522658,6.16684611108308e-08,0.211667774196199,0.451893334849118,96.3003517978025,0.076019619848241
ZFP69B,26373,0.792360580275589,8.7234063320958e-08,0.502161240539175,1.082559920012,97.5282077466721,0.458912656318289
ZNF622,753,0.247154791955953,8.73341843781055e-08,0.156631688086037,0.33767789582587,91.7882140404981,0.0403976145713491
ZNF707,5419,0.482657804334876,1.04399367517697e-07,0.304802833395422,0.660512775274331,97.6659010362072,0.177871971294408
EGR2,7863,-1.23351363644744,1.1240344890272e-07,-1.68920509959185,-0.777822173303022,95.1760103868594,1.10175207336794
SNRNP70,22787,0.416379628502649,1.29133007880794e-07,0.261819416353733,0.570939840651564,93.5584994218976,0.122610617952012
CREM,570,-0.485898174385628,1.2952994861432e-07,-0.666282898961892,-0.305513449809364,92.163339939225,0.155607672215102
ZNF146,18709,0.339267534049961,1.41623910353235e-07,0.212925939285727,0.465609128814195,96.7381155256839,0.0872145508055049
ZFP41,8219,0.544178426261955,1.64725918593147e-07,0.340451394193066,0.747905458330845,97.4238310188348,0.234336494176861
PML,2004,0.449674582237987,2.24396197495594e-07,0.279461598452106,0.619887566023868,96.9994039998792,0.15872586536335
NONO,19306,0.408759190734409,2.41492448522348e-07,0.253622662079388,0.56389571938943,98.8593972469909,0.135481345265219
MXI1,23812,-0.654894137395535,2.68179637091189e-07,-0.904395426990033,-0.405392847801037,98.2458233486572,0.352966489993073
NR2F1,607,-1.34043170887332,2.69929159752675e-07,-1.85123003668488,-0.829633381061755,98.5501099268913,1.47105396277137
POLR2G,19249,0.410662217275931,2.9858832172614e-07,0.253591491086956,0.567732943464906,96.6533220277605,0.130558649468348
JUNB,13374,-0.705237697639334,3.45350556549782e-07,-0.97643271214367,-0.434042683134998,89.9345150373005,0.334575483662938
MEF2A,25321,-0.497499863308931,3.81489350939539e-07,-0.689521843813283,-0.30547788280458,97.4286954448888,0.198160753939465
PRPF4,5721,0.380500408349688,4.44737387071151e-07,0.232786851633863,0.528213965065514,98.182197494637,0.121850273731863
HBP1,14642,-0.380490374471453,4.53380653403067e-07,-0.52830775006678,-0.232672998876126,94.1635427442868,0.105668281111371
FOXK2,27501,0.356216272506815,4.60091905618483e-07,0.217752056119945,0.494680488893685,97.6397053148608,0.102481103540196
SETDB1,2771,0.346791109922167,5.03205069909401e-07,0.211530143901081,0.482052075943253,97.9339079845543,0.0999301568998733
ADNP,3502,0.316633116429411,5.09827149310616e-07,0.193073141227522,0.440193091631301,97.2142604199539,0.0827075960072186
SAFB,26765,0.20972564764108,5.16779954851112e-07,0.127841842980486,0.291609452301675,89.9052732967911,0.0313857784542703
RUNX1,21091,0.95672303039459,6.36522576148624e-07,0.580172717276259,1.33327334351292,97.3378724302695,0.749614398209722
ZNF623,27921,0.403614371474253,7.14959557070718e-07,0.244036225217944,0.563192517730561,97.2508033586447,0.139884848855646
SMAD4,10213,-0.36564369876271,7.15666959351032e-07,-0.510214879195067,-0.221072518330353,98.0042252105932,0.117034077143262
ZNF8,10481,0.359547064559625,7.36402239094127e-07,0.217226955426413,0.501867173692838,94.2427145011397,0.107712223641502
ZNF335,19693,0.343844531763759,8.52544983818042e-07,0.206950078156232,0.480738985371286,95.8317856093222,0.0972802852871087
RBM14,22848,0.224523481163341,8.98844737653105e-07,0.134945764463867,0.314101197862816,93.0042601903773,0.0398461003887896
HNRNPL,2952,0.257067892036167,1.28550508817052e-06,0.153010539976814,0.361125244095519,98.0094003676978,0.0584447217434412
GLI4,5162,0.490954285998048,1.30793226589222e-06,0.292081947024771,0.689826624971325,96.2280309215417,0.211507697192614
ZBTB20,8712,-0.487194581902344,1.34576998006688e-06,-0.684775593724725,-0.289613570079964,90.557008249706,0.191724285739272
JUN,18043,-0.815730790696309,1.55342148218785e-06,-1.14852093348231,-0.482940647910314,95.5750541163276,0.580448756363833
MEIS2,22774,-1.15830954293732,1.66146510810473e-06,-1.63218895879912,-0.684430127075512,98.7814844051498,1.25395404328053
HINFP,11379,0.254470342013506,1.79391420102182e-06,0.150027256211749,0.358913427815262,94.9663437935892,0.0535345555543979
KLF16,1345,0.44562403481587,2.02347002844726e-06,0.261790123242294,0.629457946389447,90.8722224380491,0.165117707435409
ZNF843,12609,-0.544628673610707,2.26472534551354e-06,-0.77038967751837,-0.318867669703044,95.2227797010102,0.257628678094483
ZNF133,27496,0.318283747082686,2.27023632048931e-06,0.186334101348053,0.450233392817319,94.1570447759261,0.0892759778599721
SIRT6,22810,0.421632430557488,2.5025745367555e-06,0.246101749400857,0.597163111714119,95.994693027436,0.164564309023334
MEF2C,24665,-1.10715736651207,2.51149949190691e-06,-1.56815145177831,-0.646163281245828,98.7291502768553,1.17929553730486
KMT2B,25634,0.326899833559503,2.57403141712719e-06,0.190641245070622,0.463158422048383,95.1724117230633,0.100015076479886
HDAC8,12990,0.265768948218128,2.7232282252838e-06,0.154719038333003,0.376818858103254,97.3564793131842,0.0686014777055865
ESR1,18471,-1.51519272174335,3.19151671364447e-06,-2.15273323759196,-0.877652205894729,98.7025283132893,2.33522584692783
SMARCA4,23890,0.513129301225107,3.96881647274758e-06,0.295112165107916,0.731146437342297,98.3455464345058,0.267855313157415
ZNF766,30830,0.290340865148026,4.20692745525621e-06,0.166656570576657,0.414025159719396,95.6087520601299,0.079903420925424
KDM1A,12234,0.383167588644945,5.2280888513729e-06,0.21831021153019,0.548024965759699,98.807395514776,0.150899187717553
ZNF654,28564,-0.300151064251552,5.29848431940655e-06,-0.429370453156084,-0.17093167534702,95.4905859825331,0.0906719857941327
KDM3A,2482,0.301810512292498,6.13132994906273e-06,0.170991695955791,0.432629328629205,95.4341240797125,0.0903299590608423
SOX5,8558,-1.46841806523141,6.52353526259908e-06,-2.10675412905521,-0.83008200140761,99.1423779169304,2.30836474648449
ZFP3,6111,-0.596871655193676,6.67522015122505e-06,-0.856618884270013,-0.337124426117338,98.0469659699135,0.374025509848045
EHMT2,28397,0.459095097314731,7.3319596384852e-06,0.258415657285815,0.659774537343647,97.9289993096908,0.217404431226401
GABPA,3777,-0.34823193127764,7.92001130194149e-06,-0.501012519171895,-0.195451343383386,96.8400151119344,0.125622763915669
ZNF132,624,-0.584943142222495,9.57716700068598e-06,-0.843943686385095,-0.325942598059895,98.1218549240763,0.37155329465779
KDM5B,177,0.411247244895454,1.06523145852479e-05,0.228203847510592,0.594290642280316,97.0803697228802,0.182236112217452
ZNF407,26887,-0.310011157377851,1.0654324709602e-05,-0.447996331595375,-0.172025983160328,95.444772654348,0.0968549549007285
ZNF354C,3982,-0.68181848922781,1.09715666902446e-05,-0.985733572139806,-0.377903406315814,97.7600463212292,0.511368512178729
ZNF280C,9272,0.449666544768462,1.19474443232466e-05,0.248382717604891,0.650950371932033,97.3187673143945,0.226415390052435
RCOR2,7474,1.13928372946784,1.23380213956896e-05,0.62848859107267,1.650078867863,97.7887572930581,1.37085825522215
SRSF1,9489,0.264023687743157,1.32696789751851e-05,0.145216699559934,0.38283067592638,97.7690832505477,0.0767575823154411
SRF,2997,-0.471222324594448,1.33231747974285e-05,-0.683308730732672,-0.259135918456223,95.3383436555457,0.236208722918969
MIER1,13944,-0.393682736538511,1.44726571986629e-05,-0.571612495670517,-0.215752977406505,97.8322650541147,0.18110945869029
KLF6,13257,-0.738044748056774,1.50250960294262e-05,-1.07224856795515,-0.403840928158394,96.7764161909975,0.61796196320433
ZBTB12,28929,0.627844903010664,1.5942045146542e-05,0.342681207828381,0.913008598192947,97.5441422814558,0.443728781994123
STAT2,8783,0.355185684710393,1.65184786605282e-05,0.19356819825304,0.516803171167746,97.1310174318998,0.145707732486538
ZNF316,4356,0.33029889288176,1.67788601808557e-05,0.179884568342708,0.480713217420811,95.6730142939387,0.120336765350503
MAFF,19771,-0.603909811515622,1.76539574276843e-05,-0.879645489420104,-0.32817413361114,88.5681138292682,0.344951420736257
RXRA,1219,-0.497076126382473,1.85107079549506e-05,-0.724591346122952,-0.269560906641994,97.9642358415501,0.28437078714272
ZNF768,13939,0.295958493197101,2.07114948187808e-05,0.159698876485622,0.43221810990858,95.1664529166741,0.0938763964785764
SFPQ,15630,0.255563696317337,2.1873606469801e-05,0.137563012846956,0.373564379787718,94.6121264943864,0.0709509329616683
CBFA2T3,26473,-0.98121226231051,2.26274475820952e-05,-1.4350775864204,-0.527346938200616,98.1587630925323,1.14200840603758
PYGO2,26991,0.39552149730116,2.26819787358901e-05,0.21254742728394,0.578495567318379,98.5723139784739,0.18974485241823
USF1,3391,0.32015553001478,2.28311188430283e-05,0.171995375569967,0.468315684459593,96.3700280267962,0.112373799754278
ZNF48,24542,0.365947143717892,2.40020912753014e-05,0.196144608362448,0.535749679073336,96.6401195397942,0.152743525534938
PRDM6,19384,-0.922891093491699,2.40792942500152e-05,-1.35119363114157,-0.494588555841831,97.0112186396147,0.924698395469202
RBAK,30859,0.246867982614848,2.52130650095325e-05,0.132017356880217,0.36171860834948,94.5885874864393,0.0704608472402689
FEZF1,21635,3.44494221736484,2.59210416082051e-05,1.83986464844258,5.05001978628711,97.8102040219129,14.3449868256301
ZNF398,15017,0.1712686014102,2.81984680690581e-05,0.0911070584723267,0.251430144348073,92.5903826901948,0.0310708128305491
RBM39,13358,0.251964055126849,2.88206475242027e-05,0.133893568431284,0.370034541822415,96.0320809641001,0.0745022368284785
KDM6A,28053,-0.230619259619908,2.93275963393064e-05,-0.338790098929341,-0.122448420310475,86.1392735770034,0.0477767415790291
ZNF24,29987,-0.232297212690091,3.02446274214173e-05,-0.341438156929603,-0.123156268450578,95.4692849272527,0.0608406514997475
PRDM12,9676,1.92460389791661,3.06767530151704e-05,1.01965972600989,2.82954806982334,91.4487093501735,4.02779436452883
SRSF9,21819,0.332641178866795,3.08602758616646e-05,0.176183040890879,0.489099316842711,98.1603879475517,0.13604540589423
ILK,13992,-0.644776464059613,3.35401214492093e-05,-0.94943906804347,-0.340113860075757,98.2219215167557,0.49416061737982
ZSCAN18,22933,-0.947434076524223,3.41388096603769e-05,-1.39554296945587,-0.49932518359258,99.3922089905371,1.16198545986999
WRNIP1,29610,0.26519747501043,3.63823210727451e-05,0.139322913175209,0.391072036845651,97.579741540742,0.0883930967015079
NFIA,28551,-0.69757237560795,3.98217975322531e-05,-1.03034906320187,-0.364795688014032,98.8230326526541,0.606610464649132
ZBTB33,7610,0.33390113963401,4.06845086877741e-05,0.174421422134519,0.4933808571335,96.7607326294713,0.135239435892497
NFE2L2,16868,-0.369324953140042,4.27826189499274e-05,-0.546225909022743,-0.192423997257341,97.7595278927319,0.171303697608708
ARID1B,9766,-0.233299118588772,4.62600164511099e-05,-0.345543775249125,-0.121054461928419,94.9666168046577,0.0658687489924215
NFIC,15130,-0.504392455178987,5.08704064355698e-05,-0.748393121513249,-0.260391788844725,97.6696688130679,0.316922550330429
KLF8,28272,-0.757428012287185,5.09709628187706e-05,-1.12387682264059,-0.390979201933779,97.8427920848526,0.712016403274338
ZNF785,2271,0.328322422262322,5.32363613870983e-05,0.169077442352288,0.487567402172357,95.1688575642694,0.13590660278919
E2F5,22960,0.569265445901609,6.53472144344386e-05,0.289814924386506,0.848715967416712,98.6275996887816,0.433950064546534
CHD4,28018,0.217646052069109,6.82752148848798e-05,0.110525230925503,0.324766873212715,95.0913953782113,0.0580452215924756
HNRNPUL1,9317,0.195277231857963,7.12865959876176e-05,0.098917430522182,0.291637033193744,96.1540513439709,0.0470316921803585
IRF9,27749,0.487193081816485,7.16886403765839e-05,0.246705920332057,0.727680243300912,94.1273975371868,0.304269862742463
PHF5A,12476,0.285622773203148,7.36293588098157e-05,0.144407814522134,0.426837731884161,96.480769419796,0.104486598596353
ZNF677,9787,-1.0277983845746,7.50405603732701e-05,-1.5365344729467,-0.519062296202498,99.180982811871,1.5098719640076
BATF,9769,0.837282520472846,7.67518570362205e-05,0.422282574248772,1.25228246669692,93.9669557515789,0.877064620086979
ZNF544,26686,0.286571365419002,7.68355324344733e-05,0.144522612489123,0.42862011834888,96.5771330511687,0.104985908986485
ARNT,20333,-0.284566352267692,7.72082542748626e-05,-0.425662551347523,-0.143470153187862,97.9042980256232,0.113713113037426
ETV4,13162,1.76118794745486,7.73782877849272e-05,0.887823938874295,2.63455195603542,99.0253333210297,4.37367777721014
ZBTB44,15671,-0.284526384250723,8.34442397501074e-05,-0.426270377937122,-0.142782390564324,95.3686746862255,0.102616037243577
ZNF341,9711,0.333061877948935,8.80604038461926e-05,0.166590615272171,0.499533140625698,96.5685238368368,0.150613027581648
OVOL3,12212,2.18053737850394,9.06888708737079e-05,1.08868475937683,3.27238999763104,94.6403900859999,6.00312420909027
STAT1,1029,0.551878713691734,9.53013702889533e-05,0.274689527442151,0.829067899941318,97.0834603382694,0.426157266420535
ARID3A,17706,0.653317862922421,9.96748706635187e-05,0.324262661160884,0.982373064683957,98.1893388385668,0.617886452117736
MITF,12810,-1.0522816685705,0.000103271938787379,-1.58345723171399,-0.521106105427001,99.2827233812978,1.61347100554272
HDGF,20084,0.501698292651272,0.000107036860629474,0.247879177751226,0.755517407551318,99.1441524402509,0.363497181556796
ZNF217,10355,0.460921612778965,0.000108666374066642,0.227510412314906,0.694332813243023,97.3189368209691,0.307608458311466
RNF2,24566,0.255061025064401,0.000126365531934206,0.124653113433841,0.385468936694961,96.3396960031655,0.0932483097460456
SAP130,24230,0.198529071039356,0.000129339424211444,0.0968731147476648,0.300185027331047,95.4534497428547,0.0534032981767487
NR2F2,12631,-0.645453656601561,0.000131144428086648,-0.97625042778687,-0.314656885416252,98.0641025061485,0.593491800339644
ZNF530,23576,0.422939477869084,0.000138584744474081,0.205407168450742,0.640471787287427,97.6101260811939,0.254682360512386
ZNF600,26474,0.361786935782166,0.000144449456526418,0.175205227751652,0.548368643812679,96.5003872773963,0.189674292455191
ZBTB8A,14204,-0.339960562581531,0.000150068366546186,-0.51572372317103,-0.164197401992033,95.8727042802646,0.156548542816381
FOSL2,23276,-0.465726388767172,0.000150447097635871,-0.706551562121223,-0.224901215413121,94.3144318598398,0.297260385323876
SP2,26278,-0.198367551017842,0.000161324561587043,-0.301414929819973,-0.0953201722157117,94.3349371949504,0.0545171078707509
ZSCAN23,3413,-1.32677797286324,0.000168170513723474,-2.01790961534568,-0.635646330380791,97.7576945165989,2.60569384398767
ZNF214,30252,-0.605462301319759,0.00016924439935498,-0.92098702530663,-0.289937577332889,96.7106154626654,0.508144338514085
KLF1,18112,1.61673470125979,0.000172534085045628,0.773124725483784,2.46034467703579,90.7678321138245,3.33560546516229
SOX6,15755,-0.674331932332148,0.000176211749661065,-1.02669315397743,-0.321970710686869,96.5743853155605,0.639744659276223
ZSCAN9,26118,0.299860719724277,0.000178793032763659,0.143020843498788,0.456700595949766,97.1010556023589,0.130111575079061
E2F6,10597,0.263934618007412,0.000186182608188215,0.125509762522961,0.402359473491863,97.7474309617492,0.106359069201068
ZNF596,27229,-0.30851122714573,0.000202305719010346,-0.471226891033785,-0.145795563257675,94.7759194683399,0.135900650226352
HMG20A,8717,-0.221130935066923,0.000211525759569419,-0.338115443443968,-0.104146426689879,93.1124784525537,0.0633051629952264
YY2,13658,0.407983410268224,0.00021199219842712,0.192116131850174,0.623850688686274,95.4286312971653,0.247384260258124
HDAC2,2452,0.296769764688353,0.000236617184635038,0.13855254933151,0.454986980045196,98.3874265130696,0.137569580756102
TBL1XR1,26576,0.33209155182556,0.000236789157733535,0.155034259392967,0.509148844258154,98.1664425367525,0.175890816724765
ZNF175,14849,-0.355530982545042,0.000239873824470267,-0.545255761699716,-0.165806203390369,96.792793634716,0.19152951882875
TEAD4,2279,0.79202621767064,0.000243095037494401,0.368978424911764,1.21507401042951,98.6193283182171,0.985037032274344
ZNF687,14902,0.287793792685683,0.000261136406960702,0.133301165368416,0.442286420002951,97.1613477996794,0.1320479136439
HMBOX1,7698,-0.261873158189859,0.000271510177335605,-0.402837859092176,-0.120908457287542,95.6527424829243,0.10492508430367
TFDP1,15668,0.412424632881874,0.000278583782835501,0.190014258742257,0.634835007021491,99.0648416991922,0.286274174904993
KLF14,18441,-2.04842438497701,0.000323365019082922,-3.16495200077296,-0.93189676918107,97.1411346868619,6.5569848092537
CC2D1A,2964,0.271465746659467,0.000325046632786513,0.123443262247309,0.419488231071624,95.6021539444646,0.117193371984102
ZEB1,14825,-0.933867927202859,0.000327896775573543,-1.44340163727959,-0.424334217126127,99.0255989578019,1.45435822694308
ZNF274,28571,-0.214169594310648,0.000330688195979222,-0.331095954960281,-0.0972432336610147,93.8974160563783,0.0696387535841571
CTBP1,28168,0.168850721332381,0.000334625808479379,0.0765869711439463,0.261114471520815,95.2003320628689,0.0445638404655611
GATA1,30114,-1.27733205968938,0.000352009637534039,-1.97787892923836,-0.576785190140408,95.4002287715379,2.46424463056529
GTF2E2,22904,0.290191284001819,0.000374165266855455,0.130321151501171,0.450061416502467,96.9964356206321,0.140198594254799
ZNF777,3287,0.179442540869436,0.000383550499174153,0.0804039668472808,0.278481114891592,94.2785581880405,0.0513963096399271
ZNF514,28138,0.334645717990209,0.000425299837625938,0.148516727771319,0.520774708209098,96.0216673447877,0.182905657928518
TBX3,14914,-1.1443278082096,0.000435392959183902,-1.78192504399485,-0.506730572424342,99.0625877210446,2.31303006641372
CEBPG,26857,0.312175378581454,0.000440908321890306,0.138071902691263,0.486278854471646,97.5856702654666,0.17083017154675
CHD7,20558,0.408287651087043,0.000454912711458997,0.180041379716818,0.636533922457268,96.6061100745746,0.27196247261177
HCFC1,19929,0.256837002606004,0.000470833108468133,0.112880275984343,0.400793729227666,95.7913271732841,0.106903727569
ZNF513,24749,0.196783523087905,0.000481225123435713,0.0863025256419718,0.307264520533838,92.9922037941996,0.0628767066281133
NFXL1,5363,0.304667687117989,0.0004818139761793,0.13360082064407,0.475734553591908,96.9748559515204,0.16131622351006
ZNF280D,7257,-0.234815051966303,0.000563721013291239,-0.36827301424652,-0.101357089686086,96.0861936143901,0.090810501130749
NFYA,27919,0.275298022759203,0.00057400595780668,0.118609424190484,0.431986621327923,97.0792445935634,0.13162353816371
HMG20B,13212,0.324014101982082,0.000626649994518787,0.138314878697261,0.509713325266903,97.4692684021559,0.18278464741193
ZNF521,29091,-0.952253128200266,0.000653775289044299,-1.49985790601833,-0.4046483503822,98.7916535399287,1.70384624432013
ZNF626,13746,-0.893119066621215,0.000654890607164533,-1.40678817880632,-0.379449954436114,99.2891932924466,1.52419054450381
NFATC1,7562,-0.539013048652664,0.000675437974106693,-0.849791025562911,-0.228235071742416,97.4041098517485,0.51994136094587
SNIP1,10883,-0.133743272746179,0.000687967536461175,-0.210969706998197,-0.0565168384941608,93.3343629919694,0.0297424052109008
ZNF213,2455,0.330658661690382,0.000707818363923755,0.13928916301914,0.522028160361625,97.2405241484704,0.197846915865993
NFIL3,30022,-0.67428646373231,0.000735585709425279,-1.06575351990155,-0.282819407563072,97.3535311790826,0.833819222125931
DACH1,41,-1.26649301810982,0.000739513149116416,-2.00209370925847,-0.530892326961169,98.9941950963985,3.0842203360964
ZNF658,16153,-0.369023428795969,0.000749506583688672,-0.583593546368696,-0.154453311223242,96.269190737993,0.245904128907978
AGO2,4497,0.3419074155237,0.000758782734329643,0.142903857541033,0.540910973506367,96.4866384384337,0.216336132253686
ASH2L,15247,-0.122350598460925,0.000769023142783216,-0.193641752850161,-0.051059444071688,94.0109915012437,0.0257962072171252
ZIC2,4433,2.83696829216889,0.000789065232396678,1.18042540213406,4.49351118220372,97.8662504930798,15.2255792112856
ZNF221,17022,-0.295781784778038,0.000814071144426462,-0.468938177078088,-0.122625392477988,85.7950316173598,0.134534827124887
ZNF16,27688,0.21981186367434,0.000847064040367854,0.0907045351388287,0.348919192209852,96.5007723081061,0.0903178894889294
NKRF,24098,0.386301499894759,0.000865927538008367,0.158988520058583,0.613614479730935,99.0581866966224,0.288100253230352
ZSCAN29,14241,0.17219408558859,0.000907953123073855,0.070465580288147,0.273922590889032,94.0029576567206,0.0516141368625048
ZNF263,28519,0.217758615046174,0.000908038853966541,0.0891105580334663,0.346406672058881,97.9251339357743,0.0908484888421217
THRA,3460,-0.534733312707271,0.000973539879210135,-0.852513100008658,-0.216953525405884,98.6795729378806,0.558178138383105
NR3C1,14525,-0.671658421243807,0.00100172128399405,-1.07178278960711,-0.271534052880501,99.2598172585426,0.939514627100629
GFI1B,22010,-1.36142703386349,0.00102829667614332,-2.1742865426282,-0.548567525098774,95.0671392379604,3.31559644176861
ZNF101,17460,0.239287312113175,0.00103150743728769,0.096379127841163,0.382195496385188,93.9775823178566,0.101018964089858
CLOCK,5072,-0.195243248125157,0.00103664458321799,-0.311897055052325,-0.0785894411979879,93.4668980508094,0.0675241202600781
NFIB,7093,-0.556261404259827,0.00111154422719756,-0.890627247614837,-0.221895560904817,98.5859800151238,0.620263227365474
EWSR1,26444,0.140741247849314,0.00111736710738554,0.0561039470731133,0.225378548625514,93.8141888767454,0.0358543144062625
RELB,1725,0.387492727829026,0.0012589406075779,0.152010646992206,0.622974808665846,93.8653827871934,0.287782766681721
HMGXB4,13048,0.259434597722953,0.00128228986655093,0.10151657801277,0.417352617433136,97.8293369182243,0.138592129560632
ZNF660,23240,-0.671980610357262,0.00130195042969546,-1.0815708835686,-0.262390337145929,98.8863418051812,0.964986825800391
NFYB,3785,-0.190318204667902,0.0013025337256293,-0.306326912345771,-0.0743094969900324,94.7740869030014,0.0678201117481581
GATAD1,21062,0.249579576590076,0.00130954413280511,0.0973750794624852,0.401784073717667,97.8519738580962,0.129840063207697
ZHX1,14572,-0.324348527619303,0.00136573454863563,-0.522896885606371,-0.125800169632234,98.227308472407,0.223951316085745
BCLAF1,19916,-0.144933280871403,0.00143463933857356,-0.234048893038107,-0.0558176687046989,94.4017021807481,0.0411875802979318
SUZ12,28907,0.218196561252822,0.00145238308284813,0.0838834549944975,0.352509667511146,97.1064558846111,0.096738012261615
ZC3H8,902,0.378078320178783,0.00150405507596046,0.144605339217539,0.611551301140026,98.0200338254705,0.307025694028954
MEF2B,1310,0.555625177268894,0.00150978820635569,0.212393055652382,0.898857298885406,94.6548854927216,0.606191561825173
CBX1,1503,0.339964387951867,0.00160711243547767,0.128744184248364,0.55118459165537,98.715264700322,0.249196878270316
ZNF266,3608,0.216142030987272,0.00169712123215855,0.0811709808644537,0.351113081110091,93.0301273319962,0.089084594947696
THRAP3,20457,-0.111199618627002,0.00171383004758107,-0.180702420706784,-0.0416968165472205,92.2380410067394,0.0237903445055606
ZNF10,10536,-0.245426567828245,0.00176251471948244,-0.399228273233541,-0.0916248624229493,93.5666856728631,0.120614422250047
MIER2,29325,0.258131046289147,0.00194681218819013,0.094835297188911,0.421426795389383,96.737254325565,0.144790582493635
CBFA2T2,4735,0.369370763851029,0.00203822359659029,0.134671898177738,0.604069629524321,98.3046270746869,0.315073573398308
NFATC3,28759,-0.269017017908545,0.00206085371068799,-0.44013321124863,-0.0979008245684607,95.9273996474877,0.14986981451296
LARP7,23508,-0.167419298046465,0.00207149426364792,-0.273964298902007,-0.0608742971909221,95.2804600773087,0.0579479376660426
RBM17,24151,0.147804212853991,0.00222062033939237,0.0531036561976232,0.242504769510359,96.1517309668741,0.04535834326537
DPF2,15337,0.186243888744401,0.00224736448896679,0.06677426976743,0.305713507721372,96.7282339992283,0.0697494957899385
ZNF157,18164,-1.29145775276491,0.00249783967545638,-2.12860822061984,-0.454307284909967,98.6583835590822,3.85353603896456
SKI,6065,-0.286264550563397,0.00256341343435552,-0.472310313676013,-0.100218787450781,96.8832777412856,0.182864768816165
POU5F1,26387,0.737218935800928,0.00266454148081597,0.256219629374854,1.218218242227,96.5193850267155,1.19407286523911
TCF7L2,4856,-0.316611522518096,0.00268296070075199,-0.523329331282887,-0.109893713753306,97.8624807546259,0.234287568887704
ELF1,12092,-0.242150592612444,0.00275808580340525,-0.400696903793515,-0.0836042814313737,95.7868306352921,0.128516845070432
SUPT20H,26498,0.196285735521835,0.00277695577295331,0.0676796853880441,0.324891785655627,96.9105190511404,0.0884707569396014
EP300,5111,-0.153881448179224,0.00281392402501823,-0.254840645094096,-0.0529222512643516,86.7027195980272,0.0456090032906655
MYB,13556,0.965031194396165,0.00286781087347224,0.330657068835431,1.5994053199569,97.1543212049513,2.16113792850807
BCL6,23581,-0.392120741611642,0.00291469960435638,-0.65031604734955,-0.133925435873734,96.3640292128898,0.3546259051683
RFX5,20189,0.26759348948337,0.0031129851617205,0.0901880041854458,0.444998974781295,98.0844120068969,0.169619419236202
ZNF174,18913,0.191163625926206,0.00327788129931612,0.0637409138224514,0.318586338029961,95.3506962428937,0.0810460606796088
ZNF493,7099,-0.423398144080664,0.00339122885238827,-0.70663598651476,-0.140160301646567,97.7977993549096,0.434629204813261
ZNF423,23063,-0.781994865844356,0.00340535938046208,-1.3053516334159,-0.258638098272813,98.7675676808983,1.55838798248003
NCOA3,23458,0.151360558980391,0.00351516734406563,0.0497182986355904,0.253002819325191,90.7869296106558,0.0511586033967861
TARDBP,29233,0.127907340989821,0.00388121483845073,0.04109173748618,0.214722944493461,95.6044222475832,0.0383397388508174
ZNF202,14053,0.217860687146353,0.00390763850416285,0.069880895067641,0.365840479225065,96.9275689123052,0.11682109961757
SIX4,22252,1.03191408113158,0.00400884442321466,0.329033431156171,1.73479473110699,98.8039973146929,2.75352247563339
ETS2,22994,-0.508445373033176,0.00427225038138469,-0.857209974182855,-0.159680771883497,98.1480379376872,0.694438076917947
ZNF577,9023,-0.264249038172556,0.00442229251944865,-0.446207605469309,-0.0822904708758022,93.9014012166862,0.166563975811172
ZFX,3930,-0.197084886204085,0.00456505442845832,-0.333279841577318,-0.0608899308308518,93.5776110702142,0.0906160870679514
ZNF155,23102,-0.209153396254727,0.00477085938732658,-0.354410991733195,-0.063895800776258,91.2349495653115,0.10260429198286
ZNF704,19896,-0.557846650674538,0.00487362065839426,-0.946214084421474,-0.169479216927603,98.7928981139395,0.860503926818991
HES2,3918,1.2794956085801,0.00505923183164966,0.384899679175255,2.17409153798494,98.0884172266748,4.27595476621986
CBX5,17991,0.249615691779905,0.00511963786864432,0.0748509776782254,0.424380405881585,96.7142755204135,0.166818433824407
SALL2,4830,-0.793005846381836,0.00514148362816467,-1.34848993748665,-0.237521755277022,98.9367227123524,1.76898256625094
PTRF,13616,-0.782178840722953,0.00522993839179539,-1.33116071552251,-0.233196965923392,99.0628876721117,1.64026723335048
REPIN1,24761,0.303445923713485,0.00561021264452874,0.0887165929620223,0.518175254464949,98.3776104045669,0.257913935391555
RAD21,19555,0.232185566736215,0.0057711793853695,0.0673334521391683,0.397037681333261,97.9718054539847,0.150769039791519
BRD4,18419,0.172710388414029,0.00595560725836831,0.0496268940644093,0.295793882763648,96.1846341952976,0.0816223138478948
ELK1,26342,0.280158996806231,0.00629483919596295,0.0791712032816162,0.481146790330846,98.8017835949984,0.229398735436657
HIC1,10234,-0.616054996864007,0.00632538594866705,-1.05827487982461,-0.173835113903403,98.0355835077745,1.07246328895081
VEZF1,30625,-0.21466582231474,0.00661132208440089,-0.369587114187682,-0.0597445304417988,96.8379798414849,0.12604910747109
PATZ1,24508,0.195547272812481,0.00698434378537172,0.0534702203270694,0.337624325297893,94.4412727603209,0.10234801347499
EBF1,16861,-0.928866612822445,0.00731590194781053,-1.60763964162052,-0.250093584024374,99.0584111835926,2.596042601344
HHEX,27708,-0.497128321381068,0.00759040891108872,-0.862086729194914,-0.132169913567222,97.5962101255201,0.722264520041563
ZNF770,7943,-0.311759788657083,0.00814554978655138,-0.542690781245398,-0.0808287960687685,95.7473954972361,0.263667251232739
ZNF664,807,0.21586976054359,0.00821799167195282,0.0557864553235998,0.375953065763579,97.2731141460687,0.138324815130958
MEF2D,23984,-0.373408284024951,0.00827766498180411,-0.650574988956203,-0.0962415790936988,98.6746340525219,0.433795488671447
FIP1L1,14846,0.142880088068245,0.00844872638675225,0.0365462430116652,0.249213933124825,97.3393701749971,0.0623586307264037
ASH1L,16377,-0.252928298675867,0.00848774739653092,-0.441273868438732,-0.0645827289130018,96.0086945244106,0.192159700088548
NCOA2,23424,-0.19899240887726,0.00876164529341835,-0.347785104525452,-0.050199713229068,94.6704909208754,0.113676153445168
ELF4,8175,0.490183003433806,0.00881486574912893,0.12336922999239,0.856996776875222,98.6444507727152,0.772974849257363
ZMIZ1,20121,-0.296163366898545,0.00949543523225361,-0.519964743265026,-0.0723619905320645,97.7558169541385,0.278647705992856
THAP1,25125,-0.121576324763201,0.00964891831588342,-0.213643623573148,-0.0295090259532548,92.0263523274686,0.0394092621427818
ZSCAN16,21162,0.364783200162692,0.00989816748646122,0.0875981233628941,0.64196827696249,98.4130376039113,0.427228503901541
IRF4,18789,-0.69930423251725,0.0103363817357575,-1.23378718656,-0.164821278474497,96.0918092448945,1.49955253983076
GTF2F1,15877,0.133653609833788,0.0103715166850977,0.0314543093259405,0.235852910341636,95.2941097971916,0.0551837900011115
PPARG,11036,-0.713259629812284,0.0107170026698071,-1.2610951831452,-0.16542407647937,98.8876962102177,1.63165814242346
SAP30,602,0.386239076973171,0.0111433213172027,0.0879871501395189,0.684491003806822,98.2988542408077,0.486857570129202
TSC22D4,30588,0.195743882938535,0.01115952563955,0.0445611219062187,0.346926643970852,95.2754816513698,0.11821119545099
HNRNPK,8527,0.0988316374163055,0.0116381561389789,0.0220532690290554,0.175610005803556,96.9484571962528,0.0314220557864845
RFX1,21625,0.124227056388982,0.0117368596707659,0.0276062053559297,0.220847907422034,87.9529084573546,0.0434823908930146
PCBP1,1089,-0.141958588244782,0.0118413597585418,-0.252507551256219,-0.0314096252333456,95.3640629595916,0.0645436603035253
ETV6,27304,0.298395909345934,0.0122538125846467,0.0649014132867851,0.531890405405084,98.1088396657183,0.297952835266563
CHAMP1,21527,-0.211986360394254,0.0123081109735067,-0.37796913581216,-0.0460035849763483,96.9500080110114,0.146119223995502
ZNF491,18062,-0.457270793348698,0.012602125135372,-0.816508935028234,-0.0980326516691613,98.2304744335403,0.714979079680622
STAT3,27756,-0.221512566963208,0.0131879020085069,-0.396670771323761,-0.0463543626026545,97.2041578136582,0.166877647354561
INSM2,10246,1.11731654275366,0.0132150839155758,0.233550988031384,2.00108209747594,91.2388990443934,3.7553590457482
NBN,17304,0.134525854715693,0.0135636926055444,0.0277186806431583,0.241333028788228,92.7703730954848,0.0548574414339241
ZIK1,14611,-0.603415683952814,0.0137776687872794,-1.08358985150463,-0.123241516400998,98.9160200745602,1.32915934090107
ZNF354B,5845,0.229613766184569,0.013953755111754,0.0465576113724385,0.412669920996699,96.1683585795315,0.184551839139905
RBM34,16338,0.2372037966678,0.014552570981689,0.0469259411615002,0.427481652174101,97.7387088863255,0.204963914473916
ARHGAP35,13734,-0.265075461535083,0.0145875235572453,-0.477786514863397,-0.0523644082067687,97.5050217408391,0.252728602290964
ZBTB25,29278,0.167949042929196,0.0153634213780562,0.0321341756866144,0.303763910171777,95.2301109448502,0.0948315885841914
ERF,16368,0.19114892468533,0.0156161913857909,0.0361937793490564,0.346104070021604,93.3118457512968,0.125272313272904
STAT5A,11554,-0.325223948473871,0.0160349158476911,-0.589923076558497,-0.0605248203892438,97.9754953216987,0.381435332228339
SREBF2,28437,-0.300425928038389,0.0160457838662417,-0.544967115266581,-0.0558847408101977,98.3339124936757,0.345575337763094
ZNF114,19194,0.599875465052347,0.0168890767180138,0.10775391848905,1.09199701161564,97.4352580891872,1.30175734224446
GLIS1,3352,-0.837924333581825,0.0175203161569673,-1.52924427409933,-0.146604393064319,97.9988729971973,2.65408553685148
NFE2L1,30585,-0.203303876848581,0.0179402891048093,-0.371657840243231,-0.0349499134539305,97.1360699895767,0.150062078514549
ZNF510,28553,-0.155251599575122,0.018857384828809,-0.284827284209531,-0.0256759149407127,94.2065550122682,0.0862452787636046
MIER3,19596,-0.278053400744992,0.0189513677525823,-0.510304777361021,-0.0458020241289624,98.5602907915214,0.308147330281637
ZBTB10,29501,-0.30117096405918,0.0192746918790063,-0.553410294036645,-0.0489316340817142,97.8195603673929,0.352316265085978
NR2F6,29786,0.349312578825496,0.0196903579164616,0.0557523735446563,0.642872784106336,98.3863726448811,0.476513083364823
HNRNPH1,10252,0.185579821520881,0.0206267707550914,0.0284439728779571,0.342715670163806,96.566911206632,0.132790029874258
MBD4,7534,0.123509212994455,0.0207042261452469,0.0188665191822679,0.228151906806642,96.202014832965,0.0573785427317124
ZNF211,5576,-0.148205409788819,0.0207123101270042,-0.27377984520454,-0.0226309743730992,93.7245808819529,0.080357627939908
ZNF197,23469,-0.101108217405146,0.0213788219661115,-0.187222491569828,-0.014993943240465,92.5165062387528,0.0370264752956058
SREBF1,12196,0.435948295672647,0.0214869707818844,0.0643409330131527,0.80755565833214,98.5040333124286,0.788488651966907
ZNF629,13513,0.184916857360166,0.0219218043384513,0.0267691005731586,0.343064614147174,96.6177348674301,0.137043933213201
ATF2,8154,-0.108460406850545,0.0227270169267499,-0.201778747181947,-0.0151420665191427,94.3830759491631,0.0445300427340732
ZNF2,29864,0.122768821359852,0.0227387710446625,0.0171305058207524,0.228407136898951,94.3742712497133,0.0581759627102979
ZBTB17,5746,0.133004163691753,0.0232167680916486,0.0181580167805611,0.247850310602946,94.4039776751727,0.0671146288933904
RBM15,13747,0.13687758365703,0.0237993539473863,0.0181903078900186,0.255564859424041,95.5745890374741,0.07131836948295
ZNF138,7775,0.278613860835797,0.0239605187600983,0.0367490408416647,0.520478680829929,98.0677753351242,0.323305001098886
ZNF524,7304,0.183644297426197,0.024237553080828,0.0239099533041957,0.343378641548198,93.5524696451557,0.130824200457959
ZNF549,27486,-0.323005939731034,0.0252354196558134,-0.605911350905166,-0.0401005285569009,98.503545896105,0.449468086605163
HDAC1,16590,0.276540926731415,0.0255523128962687,0.0338079867567167,0.519273866706113,98.7799276310003,0.331632853214759
EP400,892,0.150954508897674,0.0258534275323517,0.0181845606534752,0.283724457141872,95.2589814875798,0.0945430131989485
TAF15,25192,0.12135726750121,0.0260109897430741,0.0145060627066226,0.228208472295797,93.6079049221185,0.0583629658353719
ETS1,23302,-0.416865044728893,0.0273603693869987,-0.787180298273522,-0.0465497911842645,98.1157368265581,0.765987961321438
GTF2B,22507,-0.141766124982209,0.0294989104628651,-0.269413287286269,-0.0141189626781486,96.5278689712731,0.0869151467595028
ATM,24644,-0.197944228505016,0.0307841359850495,-0.37756930276055,-0.0183191542494828,95.7579995297348,0.169557617442355
USF2,11068,0.150375390011945,0.0322246849026285,0.012754619657375,0.287996160366514,96.3412587902582,0.101691130014887
TEAD1,26537,-0.346935775639982,0.0326915895501797,-0.665301494106939,-0.0285700571730245,98.0050035848054,0.539004530939314
ZNF558,4308,0.201457095062055,0.0335782248874485,0.0156547557847185,0.387259434339392,97.910948165752,0.193202204747387
ELF3,12850,0.595460271366472,0.0337386788529363,0.0457753271790189,1.14514521555393,96.6478659479872,1.46657786527062
GABPB1,13014,0.0910032751183993,0.0343679987606374,0.00669981444675682,0.175306735790042,93.7161196466603,0.0336315414184814
GATA2,27660,-0.634291175341954,0.0351973355945122,-1.22457615778435,-0.0440061928995535,98.8143862641603,1.98988610087402
XRCC5,7162,0.123759602214316,0.0357785550979205,0.00822168806203348,0.239297516366599,97.6239224783628,0.0736058806025072
IRF5,29018,0.358571315101376,0.0386064748556725,0.0187910463579389,0.698351583844813,97.1027375114162,0.626755541015725
NUFIP1,17926,0.179835146295212,0.0401524926102195,0.00808073100662624,0.351589561583799,98.4202884264803,0.169514627792509
ZNF384,25334,0.156832414290378,0.0403665931875165,0.00688646004057264,0.306778368540184,96.7609515943698,0.117752052744658
MZF1,30111,0.178322739540966,0.0420622645041595,0.00639813414947743,0.350247344932455,94.8270596152839,0.160289723162876
ZSCAN4,28560,-0.978068386845845,0.0423776507031291,-1.92248952962907,-0.0336472440626161,94.0930893620641,4.22081736221657
ZNF189,17577,-0.168837680641201,0.0438790680498561,-0.333043970261261,-0.00463139102114166,97.0045878777072,0.146112338479178
TGIF2,12798,0.35884292023239,0.0439646721490733,0.00970193182377138,0.707983908641008,99.1403578729048,0.707373735361436
ZNF148,2314,-0.102067771540754,0.0456563439704408,-0.202164586657006,-0.00197095642450192,92.45330464855,0.0508121667153297
HDAC3,7228,0.125069566378578,0.0478317044052855,0.00119431874835942,0.248944814008796,97.3943885522506,0.0818403904971477
FOXP1,92,-0.32155253901115,0.0480573797239693,-0.640356691464755,-0.00274838655754511,98.9529128005447,0.575902993258852
LEF1,26547,0.637847368415349,0.0491188438202241,0.00246204811732176,1.27323268871338,98.5957999334727,2.27923806493923
ZNF83,27725,0.263110372025551,0.0493583571098132,0.000738810692261449,0.52548193335884,97.2809558873776,0.378705410727495
ZBTB49,27051,-0.102976559641251,0.0498199050905493,-0.20587211111679,-8.10081657126316e-05,92.1500902218806,0.0515269216683153
ARID2,30301,0.108660637197805,0.0508540427365215,-0.000403690898831036,0.217724965294441,93.41191972446,0.0595489366606888
MAFK,947,-0.241672806571871,0.0536442886635765,-0.48713610600194,0.00379049285819724,95.553837019732,0.320951467055746
ZSCAN26,14881,-0.169304476380816,0.0540796131508334,-0.341576806495425,0.00296785373379316,96.8961622791246,0.15408426739768
DEK,20752,0.186590732412359,0.0579253740938212,-0.00626820021049265,0.379449665035211,98.1634443970479,0.206316220346552
ZNF740,16726,0.146552429797108,0.0582278836627964,-0.00510584248583498,0.298210702080051,96.7330258920747,0.122227370795519
TCF7,30644,0.425951061471739,0.0586508134331247,-0.0155805477747056,0.867482670718184,97.7947684559324,1.07871533654312
NANOG,20942,0.717261152647356,0.0603208740643954,-0.0311286543343425,1.46565095962905,91.274521616321,2.57009993229446
NFKBIZ,7945,-0.336530452660262,0.0634520998328515,-0.691909725912026,0.0188488205915007,95.3012460703785,0.677632727080203
ZNF239,7532,0.361176448142824,0.0644406974358934,-0.0216507282001155,0.744003624485763,98.6487204415415,0.829530929394769
ZNF394,3069,0.0944458108383967,0.0655484390380695,-0.00607575802374406,0.194967379700537,95.1582125726503,0.0503354038861741
ZNF511,10100,0.16800735398634,0.0658775980646352,-0.0110261421133523,0.347040850086033,95.9635378478418,0.171657456028351
ZHX2,3311,-0.200154051513646,0.0683609470431734,-0.4153907479946,0.0150826449673085,98.0207666368287,0.255504134104453
KLF17,15678,-1.36707563090542,0.0694549179751414,-2.8429743316845,0.108823069873661,98.3325134964752,11.7165845956602
PHB2,4598,0.163313723209553,0.0711745611081784,-0.0140836054335286,0.340711051852634,97.7142426556647,0.171574921396404
IRF2,4992,-0.151183123952226,0.0716835286949135,-0.315699102524828,0.0133328546203757,98.1805222304451,0.146910883061812
RBFOX2,20582,-0.239937241774779,0.0718906630049264,-0.5012250350292,0.0213505514796405,98.5251055969372,0.358746035720827
NR0B1,12728,-1.29657374444717,0.0735312343999436,-2.71664110615882,0.123493617264489,96.0598315140418,10.795266965338
SMAD1,25277,-0.229139181394096,0.0768420075129285,-0.482969385097358,0.0246910223091669,98.0009742936626,0.350560725335137
ZNF614,10265,-0.155636867826662,0.0801870826253839,-0.329986648234001,0.0187129125806773,95.660930571249,0.162125600513478
ZNF644,23480,-0.0903936559583104,0.0807898650592885,-0.191857571165845,0.0110702592492239,92.8830033379856,0.0506848342803077
POLR2A,6750,-0.103456672530483,0.0815417408419249,-0.219870851884717,0.0129575068237519,90.8684588934533,0.0634257946129252
RBM22,30308,0.0782982009441799,0.0823599446311346,-0.0100426313793984,0.166639033267758,96.8898761732048,0.0408477321391195
ZNF571,11534,-0.121199964371246,0.0833489896757615,-0.258385680555083,0.0159857518125903,94.9539802274407,0.0941164484267073
ZNF433,23937,-0.26582479194516,0.0839508085881449,-0.567297066923204,0.0356474830328845,98.4000279452139,0.510942176360804
ZSCAN30,7377,-0.140002763983316,0.0858619495284833,-0.299756885188149,0.0197513572215177,96.5913809337083,0.131190378992263
ZSCAN5A,2386,0.129342919847479,0.087914118767652,-0.0192106927080518,0.277896532403009,96.6531294939018,0.115917491364732
BCL6B,2883,-0.461858466591912,0.0884272084482185,-0.993171318385646,0.069454385201822,98.7420676340543,1.59577414699445
ZNF585B,7700,-0.12915411019607,0.0919982406478904,-0.27938849197367,0.0210802715815295,96.5421704202667,0.120387745873748
AGO1,30077,-0.0719779898731135,0.0942905282817357,-0.156292704710521,0.0123367249642937,89.5396364644926,0.0336297604409237
RXRB,965,-0.0738966464965746,0.0973759048587081,-0.161267005789478,0.0134737127963291,95.4798783315509,0.0387951998647341
ZNF501,23651,-0.300704220228993,0.10005600144694,-0.659074537027199,0.0576660965692131,98.3390811800857,0.722406485853289
GTF2A2,22118,0.110689056475407,0.104938130069009,-0.0231153505492037,0.244493463500018,95.7932063696725,0.094712765718496
RUNX3,29544,0.416399813486222,0.105739721722704,-0.0881175763645898,0.920917203337034,97.7611623894075,1.3892873835225
RBBP5,29641,0.104626812838229,0.106764290687305,-0.0225129027128841,0.231766528389343,97.647885277325,0.0853213083380336
ZNF639,10193,0.128744154716191,0.109812865346116,-0.0290597297885228,0.286548039220905,98.0072502479253,0.140872209524469
SKIL,13206,0.142016410013172,0.111731579101994,-0.0329942021969363,0.317027022223281,94.2542845002794,0.161283366147434
CREB1,13798,-0.08968190221003,0.112365643344702,-0.200394821306262,0.0210310168862017,95.7120634594956,0.0657181594475948
PHF8,14550,0.141692767186893,0.11311417712208,-0.0335922298546633,0.31697776422845,96.4581112324256,0.160906305872362
ID3,20443,-0.32948995926145,0.113501057328505,-0.737532223791313,0.0785523052684128,97.7777834352642,0.950236147203371
SMC3,6818,0.114496540051008,0.115793089244159,-0.028195673883787,0.257188753985804,96.582845667337,0.108949538944291
ZFP37,17313,-0.307649499935121,0.117352364239434,-0.692699373923032,0.0774003740527905,98.3937921439972,0.837123030035677
ZNF34,14235,-0.16922975212579,0.118008994805929,-0.381414577259033,0.0429550730074524,98.0398239842997,0.24712326157435
TFE3,15319,-0.121428710353288,0.124579058586668,-0.276390687833322,0.0335332671267455,97.2824138946137,0.127574402898544
DEAF1,24629,0.160194365488555,0.125009420186288,-0.0444720971407607,0.36486082811787,97.8572245418279,0.233892543413437
ZNF18,25500,0.0980700680060746,0.127403890763318,-0.0280197454176188,0.224159881429768,95.8157097956252,0.0796188768754161
NRF1,11051,0.0831535222471069,0.132138773355667,-0.0250855825019726,0.191392626996186,97.5888391317631,0.0603618344535598
SP4,9355,-0.156668783492379,0.134214218028744,-0.361694853012361,0.0483572860276025,96.5687627095277,0.219079629704708
POLR2B,12926,0.0740050373160481,0.13451681011749,-0.0229176168761586,0.170927691508255,95.9487182401454,0.049043717169132
NR2C2,17862,-0.14802502737082,0.135505960286526,-0.342381876745457,0.0463318220038176,96.2707355784923,0.197303596086695
ZNF184,23050,0.136922648954875,0.137493930680109,-0.0437705649118449,0.317615862821595,97.2277404747629,0.172058598452767
TRIM24,20889,0.195590165537665,0.138090462628838,-0.0629164410174133,0.454096772092744,98.924576095774,0.382818418914368
FOXJ2,30067,-0.156633772130571,0.138220953153721,-0.363721247932418,0.0504537036712769,98.5768769128213,0.240196113264717
ZNF791,15440,-0.0819818620989878,0.139149882019315,-0.190626477451007,0.0266627532530309,95.9653811589379,0.0616828364191005
CDC5L,7010,0.0745397272977321,0.141344795852235,-0.024790588141847,0.173870042737311,96.7478600784317,0.054184263504817
GATAD2B,23898,0.0963953284772667,0.143811146817945,-0.0328552547406025,0.225645911695136,95.7470043081676,0.0853800124067011
FOSL1,27448,0.445437266043979,0.147420499002548,-0.157198957793861,1.04807348988182,93.1867153537703,1.79176681750107
ZNF318,794,0.115931033338536,0.14964003309761,-0.0417730216847737,0.273635088361846,96.2430028217329,0.130522182502539
CHD2,26318,-0.0962701230024129,0.151985411165398,-0.227983139537487,0.0354428935326611,94.931830711136,0.0913623761404533
HNF4A,8266,-0.843037620888987,0.152995865033879,-1.99929354023527,0.313218298457291,98.6018696174494,6.92421648472408
TOE1,13823,-0.0677471072582147,0.154354343680867,-0.160971976635708,0.025477762119279,92.5565804172693,0.0401988863994055
ZC3H11A,24578,0.0742302472201304,0.158297583592854,-0.0288931646357847,0.177353659076045,94.0094285350975,0.0539754414526187
PPP1R10,28916,-0.0688974714849444,0.161487913184738,-0.165346314115729,0.0275513711458403,89.6360328658552,0.0437445360611272
DIDO1,14518,0.0767436453487887,0.164527647868454,-0.0314681120534975,0.184955402751075,95.5846132475153,0.0616391534667792
ZMYM3,5405,0.0860034243486079,0.16518128118211,-0.0354528124032721,0.207459661100488,94.1149737888283,0.0738185527096412
ZXDB,8957,-0.140763231302251,0.173294433582436,-0.343371773854073,0.0618453112495703,98.4248273223055,0.230922909747246
ZNF426,12559,-0.148900350279143,0.173938070719322,-0.363542012560975,0.0657413120026887,98.3268003708909,0.259430967709275
TBP,12892,0.0580659689839539,0.174492561521209,-0.0257446604566729,0.141876598424581,95.3764570990233,0.0359534253211545
ZNF507,23328,0.103169856814747,0.174505597288349,-0.0457468383793492,0.252086552008844,96.3027905663626,0.119328464072339
YY1,18467,0.0457062458389769,0.175404950909117,-0.0204044404084856,0.111816932086439,94.9189344943699,0.0224080814678731
IKZF3,27107,0.292327981922541,0.179538935094929,-0.134555165062982,0.719211128908064,95.8637083730985,0.956031516878492
KLF13,20938,-0.252887917848968,0.179955230089044,-0.622530574453074,0.116754738755137,98.8197340657091,0.78003279009903
DDX20,16652,0.0904354884155973,0.180612510881698,-0.0419523478496915,0.222823324680886,97.2854170432323,0.0932669213245175
ZNF621,18025,0.0978923122681748,0.182253376372061,-0.045951120251481,0.241735744787831,96.1573771890714,0.111339099903448
RELA,15886,0.0744696134664614,0.18316765462414,-0.0351852647604985,0.184124491693421,96.2149158186208,0.0630403981389839
ZKSCAN1,13656,0.10180516693951,0.185831502422325,-0.0490132027243309,0.25262353660335,94.6962636966556,0.11996320036622
HLTF,13567,0.147574289219685,0.186128183802748,-0.0711957805301493,0.36634435896952,97.8448101999458,0.267094654550956
MXD4,6310,-0.159933337262098,0.187087887538353,-0.397542012366862,0.0776753378426663,98.1347095689261,0.318282654045693
UBTF,13141,0.05914175587677,0.195888585644613,-0.0304823488094064,0.148765860562946,94.2230110210059,0.0399308285183546
PBX3,28029,-0.241677603736639,0.201826571626305,-0.612793585976745,0.129438378503468,98.9911861178076,0.768187410133189
ZNF555,18537,-0.124971559559656,0.202662942117473,-0.317231762586698,0.0672886434673855,97.1141225381239,0.199120314187979
ZNF311,18271,-0.252636412913885,0.208652275991683,-0.646469357117764,0.141196531289995,98.0770881259064,0.859883913600524
SYNCRIP,22638,0.0921734837382203,0.210248666739086,-0.0520194360204059,0.236366403496847,97.6674904777929,0.116210371796395
SMAD2,13690,-0.0827321450186297,0.210371890745069,-0.212190343962708,0.0467260539254482,97.7825757415875,0.0925817891235339
GLI2,6984,-0.374375470288132,0.213947789340654,-0.964794238112446,0.216043297536183,98.4248341217613,1.95009223225531
ZBED5,9311,0.0990700478336673,0.2144491576598,-0.0573420448013292,0.255482140468664,97.6202236172042,0.130796382042053
BCOR,11501,-0.0998057065129594,0.215232035837075,-0.257648500192035,0.0580370871661161,93.5921094209567,0.124520825387615
SP5,25736,-0.521921441654672,0.216207328296659,-1.34909613099695,0.305253247687602,98.2532202751958,3.78019817864569
ZFP1,27608,-0.177848997069661,0.216556147781278,-0.459929636816059,0.104231642676738,99.1239977189174,0.458872218231309
MYRF,9155,-0.44554482241383,0.216958031508912,-1.15282750315806,0.261737858330397,99.0638647337107,2.73581886798954
ZNF792,16970,0.169660732256535,0.225048335363121,-0.104428716141933,0.443750180655003,97.7258848139125,0.419743770959983
LCORL,23737,0.0775905390411531,0.227299045173039,-0.04836730755032,0.203548385632626,93.3440821759488,0.0774821603580577
OSR2,28486,-0.579180820760515,0.227774235845587,-1.52036486655478,0.362003225033753,98.8775230185196,4.80642090241302
ZFP91,21358,-0.0791153957199466,0.231528941414398,-0.208720448431626,0.0504896569917328,97.5594790325845,0.0943108065869422
ZBTB40,6082,-0.110148584351047,0.233014845762501,-0.2911665909381,0.0708694222360062,96.8799467690011,0.167384190734779
COPS2,7660,-0.0660240255801122,0.23324630046571,-0.174581554584724,0.0425335034244997,94.4222147063032,0.0625872671810151
ETV1,13646,-0.274765828566728,0.233428515609438,-0.726715391081114,0.177183733947658,98.1000182830755,1.16196283273046
PRDM4,12315,0.107267152197372,0.237816331365094,-0.0708323313472551,0.285366635741999,98.6066385808469,0.178733942915324
ZBTB7A,21587,-0.125211631971939,0.239023122791382,-0.333640049558345,0.0832167856144667,98.5136704930024,0.246299515699975
SOX13,8537,-0.195116720465549,0.240523555799019,-0.520948305427116,0.130714864496019,98.8824128762771,0.588934289243444
TAF9B,421,-0.103083698451465,0.242509636269086,-0.275954367983201,0.0697869710802711,97.6118207829892,0.163237781929815
PHF20,20847,0.0757100356012427,0.243252719713484,-0.0514555838619446,0.20287565506443,97.0838502201032,0.0867612898012001
ZNF404,13540,-0.191765514505083,0.248306021245559,-0.517328155649752,0.133797126639587,96.9080100544994,0.571028086054068
RLF,25444,-0.0801378955907299,0.250646409983095,-0.21686319570307,0.0565874045216101,95.6980757842723,0.101587021066224
ATF1,22756,-0.0852082488260046,0.251427328748471,-0.230823943750488,0.0604074460984792,96.7840685074159,0.115292636558381
U2AF1,17549,0.165622369330588,0.254853289773297,-0.119466724895834,0.45071146355701,80.497335692141,0.357274221821416
CTBP2,16919,0.141837627930315,0.260465344652069,-0.10520639048296,0.388881646343589,99.1133821826548,0.340860419436179
ZNF592,23357,-0.0499034217888956,0.262385205933145,-0.137172703037434,0.0373658594596424,91.6973007191788,0.0374950664913891
TRIM22,3340,-0.231653749673663,0.262651288262029,-0.636987301112617,0.173679801765292,98.6623443773552,0.937932816413264
HDAC6,18644,-0.12599743538398,0.263455972483048,-0.346831981202577,0.0948371104346172,98.532405433377,0.268110032961069
ZNF362,28040,-0.0676622979094613,0.271918347412002,-0.188369529281114,0.0530449334621911,95.1699290563773,0.0746645931352931
ZNF395,25253,-0.162312764922525,0.272703685940409,-0.452347861484274,0.127722331639224,98.9133535282782,0.483971925495953
CREBBP,9505,-0.0784659098186792,0.280519411854368,-0.220976119410088,0.0640442997727294,95.668296029364,0.109100055230654
ZNF776,13862,-0.0687152953058077,0.280995389385834,-0.193639936712979,0.0562093461013639,94.4154676002705,0.0774282793750186
KDM4A,17854,0.0673805330074122,0.285138356379154,-0.0561762964360172,0.190937362450842,94.9324481916436,0.0772042846978756
ZNF350,804,-0.129849250323705,0.285855551455837,-0.36831076705241,0.108612266404999,98.2385349166442,0.320851486636743
FOXA3,1937,-0.589080281001683,0.290879017461594,-1.68222676845432,0.504066206450955,98.8021954034101,6.25609024606838
SMARCA5,2211,-0.0586582372833315,0.291449768629403,-0.167638196450204,0.0503217218835404,95.6663434117861,0.0626718576333153
MIXL1,21619,0.538049908917788,0.292231080234832,-0.463202034290636,1.53930185212621,97.2239750493387,5.55549309950845
ZNF449,22408,0.101792859578727,0.292328750252219,-0.0876708421576662,0.291256561315121,96.6727937536416,0.192147463690832
PCBP2,13075,0.0646692158686486,0.293918544194934,-0.0560945633718221,0.185432995109119,96.8967252018026,0.0787146115773443
ZBED1,14844,-0.103438457506003,0.294964955833906,-0.297019296869261,0.0901423818572559,98.3355313573975,0.21321485448562
RCOR1,228,0.0806323426567394,0.297861372636317,-0.0711753910354921,0.232440076348971,96.7135067939538,0.124016204945096
ZNF518A,4670,-0.0880312999474544,0.311142691781892,-0.258384319967568,0.0823217200726587,95.6348366535223,0.149680443082651
TEAD2,11200,0.222725416499515,0.31163131669786,-0.208715237473628,0.654166070472658,98.9781715180229,1.01460791157281
ZBTB1,7552,-0.0622040273011936,0.312652433984891,-0.182953781922507,0.05854572732012,94.9163875293093,0.0752006812284877
YBX3,11813,0.208023851838837,0.314779669208684,-0.197568727801606,0.613616431479281,98.812096937676,0.911196000278773
ZNF444,13955,0.078944406880147,0.322315062547314,-0.0773922281264895,0.235281041886784,94.6134302890948,0.122694323879262
IKZF1,26500,-0.228920117164078,0.323024452263272,-0.682924499754154,0.225084265425998,97.7322430714294,1.13310256872926
ZNF548,15987,-0.0986901850861895,0.323907044501609,-0.29477421530106,0.097393845128681,98.1134211788822,0.210446630351099
BCL3,8045,0.153372298802668,0.326351947028511,-0.152901498001539,0.459646095606874,94.0994074697917,0.468827600577419
IKZF2,10987,-0.178955268571263,0.326418847573519,-0.536365896442835,0.178455359300309,97.7615845950446,0.684198582637327
ZNF747,12014,-0.0626077793718469,0.337339468669452,-0.190504871541745,0.0652893127980511,97.0261475593287,0.086355763308491
ZBTB26,19099,0.0908816451166838,0.345172180532055,-0.0978108192069023,0.27957410944027,96.5579280605389,0.18425073188064
ZNF23,1180,0.0977953315824554,0.34868288272018,-0.106735336294947,0.302325999459858,93.9628119483827,0.212377380705504
ZNF610,9918,-0.169592946562996,0.350375362618219,-0.525530183963419,0.186344290837427,97.8959178197987,0.691489210289993
ZNF547,6873,0.0778304605897391,0.351363602031332,-0.0858535258305689,0.241514447010047,93.9709882560161,0.139715063494963
ZNF248,569,-0.121511177987547,0.351612062613166,-0.377191239897614,0.134168883922521,98.2517396770945,0.359893459098996
SIN3B,28,0.0912144943859415,0.356221881796122,-0.102563332685417,0.2849923214573,97.9988939110197,0.210651848634882
ATF4,18320,0.0860529405085405,0.358188852932215,-0.0975089721132075,0.269614853130288,96.8574483767095,0.179132760207282
ZNF416,21056,0.0666331059648611,0.361116957549947,-0.0763727395300779,0.2096389514598,94.844938907417,0.105285989656788
ZNF697,21241,0.164129315080141,0.363867547541702,-0.190144240879894,0.518402871040176,98.323527207759,0.651541214356426
ZNF670,6715,0.0865772663603021,0.365943328001892,-0.101110666497787,0.274265199218391,96.4630164890184,0.190435019434819
REST,4584,-0.117807707860191,0.369749161607053,-0.375236308825007,0.139620893104625,98.9517797018252,0.383135991736099
ZNF302,11913,-0.076540710406794,0.373015194700053,-0.244940302797869,0.091858881984281,96.343041463418,0.149360427877817
BACH1,7997,-0.0794982260060934,0.378834305973676,-0.256549916663678,0.0975534646514915,95.870385227385,0.17238453624086
MNT,361,0.0959865501914185,0.379610726199873,-0.118135043911238,0.310108144294075,98.241213173267,0.256334472160585
KLF7,18285,-0.140528198663117,0.380284733159285,-0.454454646831464,0.17339824950523,97.7934322890108,0.552190313727144
SALL1,1330,-0.431957952063462,0.383914388268596,-1.40429703218864,0.54038112806172,99.1139637383982,4.97529213103378
SP3,20979,0.073078573637955,0.38437015435595,-0.091579342488448,0.237736489764358,98.1379577240917,0.15200674510548
ZNF37A,17015,-0.0722925635105601,0.385000527661971,-0.235395621900605,0.0908104948794851,96.2654025264904,0.145281164037753
TBX21,30448,-0.219780117190013,0.387369889344897,-0.718117291760191,0.278557057380165,96.7899559470328,1.28704169227957
ESRRA,29101,0.108662332778516,0.387571033358353,-0.137826897284747,0.355151562841779,97.6920741629543,0.338019103364642
ZNF512B,22159,0.0898622122915049,0.393462411425957,-0.116530998618922,0.296255423201932,97.0758118529874,0.236495943615
SCRT1,7239,0.388638955487942,0.396067647573968,-0.508909815525856,1.28618772650174,94.402249109538,4.35304414169923
HOMEZ,25862,0.0708407215686985,0.39771276004748,-0.0933346320098499,0.235016075147247,97.3284242554127,0.145072801982735
ETV5,10075,0.15355662585497,0.399228133062824,-0.203460287437272,0.510573539147212,97.4509132437224,0.705824441907449
ZNF580,29275,0.0844929349406907,0.40149550982685,-0.112899586410738,0.281885456292119,96.7572674082998,0.209463375620156
RBM25,7026,0.0475666231994262,0.429647737869179,-0.0704752946337114,0.165608541032564,93.3993189284953,0.0717125389771307
ZSCAN21,3600,0.0409287127091589,0.43343325269991,-0.0614786836128643,0.143336109031182,94.3569761138813,0.0524934250141839
PLRG1,26370,-0.0323753157266091,0.434372503612488,-0.113547008503149,0.0487963770499308,95.9579803888118,0.035119782386295
CTCF,3071,0.0250122904739452,0.446349458592849,-0.0393635675956205,0.0893881485435109,93.007975691014,0.019731888719336
HNRNPLL,12761,-0.0461894195232024,0.450432487679827,-0.166144758770954,0.0737659197245498,96.7846911172964,0.0735787150956501
SIN3A,25338,-0.0419942095790189,0.45300387039198,-0.151676144326166,0.0676877251681279,95.5000304663381,0.0618209361790685
ZBTB6,23502,0.040823229717094,0.454453445345735,-0.0661431735514024,0.14778963298559,90.8357659358882,0.0561322694190865
ZBTB2,7014,-0.0455902736112849,0.457971614287558,-0.165984205963019,0.0748036587404494,96.1880187207285,0.0770499531821673
ZNF652,18954,-0.0439439881272028,0.461957178871335,-0.161025781952194,0.0731378056977886,93.3879015938445,0.0667494883285178
MBD1,6259,-0.0358203816415834,0.464687000475064,-0.131842502444222,0.0602017391610554,97.1637508092313,0.0481827413149723
CTCFL,20755,-0.365758182067649,0.465801571476093,-1.34868178342744,0.617165419292142,94.350254867296,4.87799725808231
PRDM1,17557,0.153781569544096,0.47850422785238,-0.271506884317284,0.579070023405477,97.1421311018589,0.98809416158731
ZNF488,22862,-0.376356203145866,0.478829718485178,-1.41795337617719,0.665240969885456,98.9802463786142,6.19589700644548
ZNF584,20445,0.0315572347509891,0.48258298905577,-0.0565303126681728,0.119644782170151,92.1656856199644,0.0375697121319738
SP1,6210,0.049919168115579,0.484962513353912,-0.0901835131044226,0.190021849335581,97.2292725452253,0.105001519661206
L3MBTL2,27398,0.0279817392229728,0.493523524791548,-0.0521146052360261,0.108078083681972,93.4868175845167,0.0326510178091462
SP7,18282,0.381954187905505,0.496517720339691,-0.718986262792744,1.48289463860375,95.7471088993934,6.42510451335424
CREB3L1,12624,-0.232850733210898,0.502595941610948,-0.913596091106488,0.447894624684692,98.674667768598,2.50531265870004
RBPJ,16753,-0.0592404300911632,0.504060549856244,-0.233026691492215,0.114545831309889,98.4097680449144,0.16736631967825
PHF21A,28525,-0.0630815104612064,0.525373681572065,-0.257760487567456,0.131597466645043,98.4709161215938,0.209992968386369
ZNF830,26616,-0.0344540885981372,0.525956104975172,-0.140934250676643,0.0720260734803682,96.3748173368116,0.0587136675274896
PKNOX1,18583,-0.0367965686718814,0.530911078412364,-0.151890927934507,0.0782977905907437,96.2637898857661,0.0661299955219876
HNF4G,6868,0.254219055231714,0.531544043801028,-0.54216805505217,1.0506061655156,98.4089601057459,3.34676869298911
ZSCAN5C,4363,0.20582001770748,0.533293669437409,-0.441706203342888,0.853346238757849,82.0943013152288,1.73521306100052
SRSF7,22203,0.0457727268439748,0.538901325158187,-0.100226475756636,0.191771929444586,95.9965061940275,0.111526212676537
MAFG,22215,0.082078872231012,0.539877052320475,-0.180354922699027,0.344512667161051,98.4156804475233,0.394317405981049
YBX1,20170,0.0814901768592605,0.545094135747509,-0.182450485440531,0.345430839159052,99.0482760100573,0.395597756789335
CREB3,21948,0.0388339402654015,0.557030903133064,-0.0907738520176861,0.168441732548489,96.0808285988882,0.0853354972531641
TCF12,5383,-0.0532719936337381,0.557539164175734,-0.231296006611896,0.124752019344419,97.8298727779745,0.168841884423719
ZGPAT,17679,0.0581248212993752,0.557763130793716,-0.136226803271764,0.252476445870514,95.8852833371172,0.203089724390977
SMARCC2,385,-0.0441642656343883,0.566373476194664,-0.195123940723183,0.106795409454406,95.9025626495996,0.118422344127913
NR2C1,2918,0.0442206814543093,0.569471796293976,-0.10814646956645,0.196587832475069,96.9829942880858,0.125228465400721
SRSF4,16892,-0.0327185772459572,0.569799926958347,-0.145549867714416,0.0801127132225017,96.8902373941725,0.0677424779796253
ZKSCAN8,1792,-0.0465768806721337,0.570132058612093,-0.207337433928794,0.114183672584526,95.5940064979584,0.13457299783705
ZNF589,9912,-0.0502740038071603,0.573660232767077,-0.225395114510693,0.124847106896372,95.1933766749324,0.153995318560975
ZNF529,28422,0.0371847822324693,0.57665860716088,-0.0933623766743829,0.167731941139322,95.1482280467754,0.0855954402939014
HES1,7221,0.091702400843485,0.589203431321664,-0.241142953409283,0.424547755096253,96.8292480286365,0.594321685549663
KDM4B,27023,0.0618205471791498,0.590320080487902,-0.163239429429827,0.286880523788127,97.9452544776067,0.285709929128954
SPI1,673,0.139160183991054,0.59586865939092,-0.375119977995122,0.65344034597723,98.4098284011439,1.50752044280956
MYNN,21853,0.0345857021994387,0.59834754675151,-0.09409600199644,0.163267406395317,96.5833822725143,0.0914143393736602
MGA,449,-0.0303150369184925,0.60151061673424,-0.144089520496437,0.0834594466594514,91.9688160477214,0.064406546917471
TRIM25,643,0.0514926500970913,0.605546632043621,-0.143929081385495,0.246914381579677,96.7914341858873,0.198043988482551
SIX5,21433,-0.0790080134906264,0.608885557798888,-0.381653088283377,0.223637061302124,97.5755696968234,0.48926357479385
ZBTB7B,12403,0.0761386455035243,0.610037627780635,-0.216455913902789,0.368733204909837,98.7532959700142,0.478095174077325
MTA3,24933,0.0551937345291042,0.610753900072903,-0.15733718887583,0.267724657934038,98.9611927818067,0.245755144965817
KDM5A,7670,0.0292522212112133,0.611363221188223,-0.0835800617890693,0.142084504211496,94.3281134097212,0.0645487587412552
ZNF300,16462,0.128118566844479,0.611615353449548,-0.366412957349287,0.622650091038245,98.8592798258882,1.41643805747769
WT1,7015,-0.48519099119177,0.613815119503349,-2.36963537658805,1.39925339420451,98.7078863321623,19.8484341691978
GATA3,26998,-0.231270384010112,0.615952703895408,-1.13495157269675,0.672410804676528,99.1403286709354,4.59081590062507
ZNF624,28085,-0.0551482976335889,0.628069580249463,-0.27826654077134,0.167969945504162,97.0742469770912,0.271249409511738
AEBP2,6447,-0.0365961915479343,0.631521414897246,-0.186156720309439,0.11296433721357,97.6712734274316,0.127097487281438
ZNF391,27516,-0.063688415644923,0.635622829365471,-0.327132319770206,0.19975548848036,96.2802204873989,0.353948184095529
ZNF169,24587,0.070922530023099,0.635946754162753,-0.222726382342417,0.364571442388615,97.9181696049229,0.477436301875482
ZFHX2,747,-0.102128347840926,0.63743378204025,-0.526851890986013,0.32259519530416,98.5795340088666,1.0184894124329
ZNF143,28097,0.0308463508229417,0.640043955915722,-0.0984370301288883,0.160129731774772,97.2639407468361,0.0888166548756572
ZZZ3,2069,0.0245700221847443,0.645154585965686,-0.0800031649273549,0.129143209296844,94.6388119637665,0.0561243412859001
SAFB2,3421,0.0206767926711126,0.651692660629702,-0.0690987826334811,0.110452367975706,92.2361834713344,0.0406306252803119
ZNF76,4215,0.027655579163337,0.653157819381199,-0.0929639035013044,0.148275061827978,96.2760138205415,0.0791901330452178
NFYC,17560,-0.0192333809398271,0.65668046964409,-0.104040257430548,0.0655734955508944,95.1044283971601,0.0360962396557733
GATA4,29719,-0.271991956361877,0.662634725944021,-1.49390529293984,0.949921380216087,97.1415028770047,8.05614203227316
HNF1A,25269,0.170097514385164,0.667629384783553,-0.606292908117022,0.94648793688735,96.9357458610328,3.03693840554046
BCL11B,27297,0.114968852689735,0.685763507027565,-0.441948377566596,0.671886082946066,97.7350661018323,1.69454572850792
ZNF680,14756,-0.0537913297066502,0.687747143906304,-0.316108657492384,0.208525998079084,97.7069583459101,0.385690673703386
TAF7,26361,-0.0267060868646384,0.690807285086471,-0.158300517105514,0.104888343376237,96.7639557325669,0.09178589819196
IRF1,29951,0.053621651974218,0.695522786548404,-0.214912347861609,0.322155651810045,95.4538100637942,0.380363441636386
DMAP1,7922,-0.0378834256447486,0.703227536630674,-0.232782452681998,0.157015601392501,98.187663995977,0.212441687402576
ZNF223,16274,-0.028934877067549,0.70689746460178,-0.17975236361034,0.121882609475242,92.4160413173903,0.110599361310795
ZNF560,5979,0.215213081867271,0.710019284518734,-0.919202307343556,1.3496284710781,94.1382466094056,6.85516369249037
PRDM10,404,0.0202037103555867,0.714710925721223,-0.0881262069462617,0.128533627657435,92.60237240981,0.056900484097391
CEBPB,23282,0.0762253781657439,0.726636783987894,-0.351113823651618,0.503564579983106,98.4194606795656,0.9946539429733
ZNF112,12041,-0.0321775349588284,0.729643070139747,-0.214662322757753,0.150307252840096,95.9636968520329,0.173972566555682
ZBTB11,10559,0.0216292248070599,0.731532961274471,-0.10193270994523,0.145191159559349,96.2726391846945,0.0799407485480487
ZNF701,25019,0.0475408849550243,0.731743088649365,-0.224268664082369,0.319350433992417,98.5155525678163,0.413169130518236
GMEB1,25187,0.0190489123476602,0.732923572150728,-0.0903617018146263,0.128459526509947,96.0921453317727,0.0617121323731584
THAP11,23075,0.0192905522325138,0.737103648758887,-0.0933390717047322,0.13192017616976,94.3041036786459,0.0615846546488528
SRSF3,15984,0.0234943312966643,0.740047819936486,-0.115292371934971,0.162281034528299,96.0786710269473,0.0999365789642137
ZBTB48,3104,0.0251797258348343,0.754806913285197,-0.132842002308622,0.183201453978291,96.5004381587838,0.136328666493974
CHD1,9118,-0.0207893552401557,0.766305481139495,-0.157885215533375,0.116306505053064,93.5083806062318,0.0935291621604625
BMI1,23738,0.0151875366547834,0.767181457529152,-0.0853551094409773,0.115730182750544,91.6229579035428,0.0471912384982351
PAX8,12463,0.0754349022739734,0.770437989153409,-0.431243166608743,0.58211297115669,97.5375222792175,1.30290771898566
CEBPZ,7536,-0.0190675487053209,0.776509009166421,-0.150717730862571,0.11258263345193,97.3247363033953,0.0969168668540465
BCL11A,29008,-0.0993842728538596,0.77862233864309,-0.79230255822612,0.593534012518401,98.6541595035348,2.70172534931989
CEBPA,24457,-0.0649799655009646,0.779041397717221,-0.518909765228514,0.388949834226585,97.6559023754804,1.13303943560906
ZNF561,6074,-0.0268827986025169,0.779744944889487,-0.215293481796077,0.161527884591043,97.9417676372712,0.195410362013756
MYC,5671,-0.0755296760523201,0.780998252055955,-0.607996078324533,0.456936726219893,98.1295322491374,1.58402236257197
KAT8,30522,0.0159361842461836,0.782019150239172,-0.0969500568748982,0.128822425367265,96.5194255402303,0.0669978191390726
KLF5,14619,0.0773340335446814,0.784310765988561,-0.476442881485407,0.63111094857477,98.4669465213234,1.66844814373938
ZNF837,9395,0.0259459633148204,0.800985276923489,-0.175794485344793,0.227686411974433,94.3425663981052,0.213525656841695
MLLT1,25897,-0.0205278827466669,0.801193545598746,-0.180311339261091,0.139255573767757,97.4307346030752,0.142270700667557
NFRKB,22504,-0.0136468251180135,0.801725634685232,-0.120161154205591,0.0928675039695643,95.0549760954363,0.0599682803878294
ATF7,25380,0.019695353968318,0.813984389136837,-0.144367459556026,0.183758167492662,97.6373280867464,0.143257557143664
PAX5,20739,-0.091295390396629,0.824017263686801,-0.895930850298738,0.71334006950548,93.8885534653687,3.24889857777673
TEAD3,15942,-0.0345009661778981,0.82859007444041,-0.346821821322879,0.277819888967082,98.3478879973936,0.515557862072434
FOXA1,12022,0.0905452584334636,0.835696450197036,-0.765116816147389,0.946207333014316,98.4695672613814,3.74651261152595
MBD2,9597,-0.0157183355599387,0.837993170921282,-0.166394275315205,0.134957604195328,97.8806065855048,0.126645414936179
RFX3,21107,-0.0281957424774235,0.838027674072903,-0.298538469771836,0.242146984816989,97.6150127004987,0.398076526904386
CUX1,12235,0.0214707957754018,0.840381546483698,-0.187470841198778,0.230412432749582,98.6816005926936,0.248802195245499
PBX2,15739,0.0145567483585372,0.842889628474844,-0.129393272073809,0.158506768790883,97.2723596523429,0.109766683572965
RARA,5187,0.0294008726182894,0.846511337429095,-0.26829078995083,0.327092535187409,98.128615798858,0.485765323149912
GLIS2,4053,0.0361471959390438,0.847094913308173,-0.331267201845864,0.403561593723952,98.1641530771629,0.73079451430546
FOXA2,5251,-0.129666444589771,0.849496139344168,-1.46893576289415,1.20960287371461,99.1463099757922,9.41716223260805
MLX,29485,-0.0170709984744643,0.851545188512461,-0.195852912621285,0.161710915672356,98.3477213549926,0.181937796278465
MAX,9148,-0.0113122675761744,0.851985326274658,-0.13014031173462,0.107515776582271,97.0843878885956,0.0754505056205017
RB1,8324,-0.0160130253245236,0.867416467743387,-0.204013287651213,0.171987237002166,97.4986171194343,0.197204773748636
ARID4B,16797,-0.0107194368793395,0.868662128258312,-0.137775261661594,0.116336387902915,94.7827917203307,0.0831590429625796
ZNF292,22779,0.0181034658704668,0.868908890055616,-0.196881722901461,0.233088654642395,97.029111902249,0.256909639203825
TAF1,27472,-0.0116622715816348,0.871789414625681,-0.153295599464034,0.129971056300765,94.9718052832627,0.103074844166376
ZNF512,22214,-0.0216532828325183,0.873550971430288,-0.288318364604983,0.245011798939947,98.9794407611478,0.405268513893098
KAT7,16634,-0.0119792413327433,0.878463448673329,-0.165518919030714,0.141560436365227,97.6303637562785,0.128316166659278
BHLHE40,14287,-0.0245168645557241,0.884687632981037,-0.355843895355933,0.306810166244485,96.0693623364028,0.577197242746303
PAF1,19093,0.00472375814624597,0.903866002637936,-0.0719318523049195,0.0813793685974115,89.4933009134499,0.0272862658613284
SMARCE1,14832,-0.0112481687390351,0.904526218350014,-0.195048159900647,0.172551822422577,98.6877529121012,0.188704738290184
ZNF19,29615,-0.0121714825534911,0.918673634642655,-0.245810936343762,0.221467971236779,97.797190608985,0.305629577165807
POU2F2,5145,0.0229021926890003,0.925276301325054,-0.45569540974634,0.50149979512434,97.6643232351004,1.24794032497682
ZNF140,20958,-0.00580156813227595,0.928741398205263,-0.132951955187405,0.121348818922853,95.3974744501424,0.0849004956108573
ZBTB5,26074,0.0058754005135921,0.933867458619995,-0.132899921538628,0.144650722565812,96.8814072856506,0.101264458327859
NFE2,9638,-0.0164806149169767,0.946470994431586,-0.497592640204224,0.464631410370271,96.7021903740908,1.22943936948268
ZNF324,15808,0.00142804908193483,0.978856965124938,-0.104183916376919,0.107040014540789,94.913702756246,0.0591755427172534
SMAD5,9678,-0.00246848589468078,0.980865846674956,-0.204197292676409,0.199260320887048,98.1904977317032,0.225516983133662
AHR,21258,0.00200895762850516,0.990410489863833,-0.325597196202072,0.329615111459083,98.2512714616721,0.600776346723104
